sale_id,product_id,quantity_100kg,total_sale,branch,customer_id,customer_name,sale_date
1,3,7,21000,Stgo,28,Leopoldo Garmendia,2025-01-04
2,6,15,60000,calma,152,Ana Sofía Pinedo,2025-10-13
3,1,11,77000,Puerto Montt,295,Xavier Liyo,2025-01-03
4,1,8,56000,Vlpo,157,Alondra Aranda,2025-02-01
5,6,7,28000,Calama,204,Victor Manuel Pasheco,2025-01-01
6,5,19,171000,Calama,117,J pablo Novoa,2025-09-11
7,8,11,38500,santiago,287,Victor Manuel Laguna,2025-07-13
8,5,11,99000,conce,204,Victor Manuel Pasheco,2025-01-19
9,2,4,20000,Calama,103,Mariana Font,2025-11-04
10,6,8,32000,Calama,63,Juan Manuel Calvet,2025-07-27
11,7,3,24000,rancagua,199,Aura Miró,2025-07-01
12,3,2,6000,puerto mont,226,Teo Quero,2025-11-25
13,3,12,36000,calama,71,Moisés Abril,2025-06-16
14,8,6,21000,Valpo,77,Beatriz Valderrama,2025-12-06
15,3,2,6000,Calama,167,Domitila Riba,2025-11-22
16,3,1,3000,PMontt,299,Manola Osorio,2025-09-24
17,2,12,60000,Valpo,269,Paz Ros,2025-02-26
18,5,12,108000,calma,286,Plinio Liyo,2025-03-30
19,2,17,85000,Prt montt,288,María Luisa Martorell,2025-03-13
20,5,10,90000,Valpo,46,Moisés Clavero,2025-08-31
21,5,16,144000,conce,80,Griselda Lasa,2025-05-03
22,6,15,60000,conce,236,Elías Sánches,2025-06-08
23,2,15,75000,conce,275,Nerea Quiroga,2025-09-30
24,3,19,57000,Stgo,135,Ana Lorena Gnzález,2025-07-23
25,3,12,36000,Valpo,81,Cebrián Miró,2025-03-12
26,1,3,21000,Concepción,196,Montserrat Alegre,2025-12-03
27,4,5,60000,santiago,26,Lucio Pombo,2025-04-21
28,2,19,95000,Prt montt,93,Marita Gallego,2025-05-04
29,1,7,49000,valparaiso,25,Maria Falcón,2025-03-31
30,5,9,81000,consepcion,244,Florencio Novoa,2025-11-13
31,8,7,24500,Valpo,265,Andrea Gabaldón,2025-07-07
32,5,18,162000,PMontt,176,Maria Romero,2025-12-29
33,3,4,12000,Clama,171,Francisco Javier Vidal,2025-01-19
34,6,14,56000,calma,285,Leandra Miralles,2025-06-01
35,3,18,54000,puerto mont,288,María Luisa Martorell,2025-06-10
36,8,9,31500,calma,221,Eusebio Torrent,2025-03-08
37,2,2,10000,rancajua,269,Paz Ros,2025-05-30
38,8,15,52500,rancagua,198,Débora Barros,2025-02-04
39,3,7,21000,Santiago,84,Odalis Acevedo,2025-09-27
40,6,12,48000,valparaiso,286,Plinio Liyo,2025-07-27
41,6,8,32000,rcgua,188,Eli Chacón,2025-09-07
42,3,15,45000,Prt montt,23,Nazaret Lasa,2025-08-22
43,4,3,36000,calma,186,Victor Manuel Barco,2025-09-24
44,2,14,70000,Concepción,293,Ruperta Vidal,2025-05-31
45,4,17,204000,calma,91,Eusebio Ayala,2025-08-10
46,8,4,14000,Valpo,275,Nerea Quiroga,2025-06-14
47,1,18,126000,puerto mont,252,Gala Machado,2025-04-10
48,1,8,56000,Clama,134,Consuelo Garcés,2025-06-10
49,3,4,12000,Calama,169,Macarena Blanes,2025-01-15
49,5,2,18000,Vlpo,12,Juanito Armengol,2025-07-13
51,6,6,24000,rcgua,155,Hernando Campillo,2025-01-05
52,5,10,90000,Puerto Montt,119,Cebrián fernandez,2025-04-17
53,5,4,36000,santiago,20,Hanns Ramón,2025-08-24
54,2,18,90000,Valpo,67,Marsela Borja,2025-11-11
55,8,12,42000,Concepción,240,Frnanda Navas,2025-06-18
56,5,2,18000,Calama,49,Curro Rodrigo,2025-11-23
57,2,10,50000,conce,13,Patricio Franch,2025-12-02
58,5,4,36000,calma,17,Dulce Abril,2025-12-13
59,7,14,112000,Santiago,139,J pablo Collado,2025-07-20
60,7,16,128000,rancagua,10,Arcelia Iriarte,2025-07-30
61,7,15,120000,calma,270,Arcelia Aranda,2025-01-06
61,1,8,56000,Rancagua,229,Aránzazu Alfonso,2025-07-16
63,1,14,98000,Prt montt,152,Ana Sofía Pinedo,2025-09-20
64,5,8,72000,rcgua,296,J pablo Luque,2025-11-10
65,8,16,56000,Calama,282,Alfonso Español,2025-09-05
66,7,13,104000,PMontt,52,Ana Lorena Solano,2025-08-29
67,6,18,72000,puerto mont,278,J pablo Andrés,2025-11-22
68,1,15,105000,Santiago,68,Lupe Ferrero,2025-01-19
69,1,13,91000,Rancagua,3,Arcelia Álamo,2025-02-02
70,1,9,63000,Concepción,180,Lina Santamaria,2025-11-28
71,3,15,45000,Clama,216,Nazaret Garcés,2025-10-05
72,4,13,156000,rancajua,102,Amando Canals,2025-12-08
73,2,1,5000,consepcion,216,Nazaret Garcés,2025-03-08
74,7,7,56000,Rancagua,195,Beatriz Pineda,2025-09-07
75,6,9,36000,Concepción,188,Eli Chacón,2025-08-26
76,2,1,5000,Prt montt,279,Consuelo Pasheco,2025-05-08
77,7,12,96000,puerto mont,158,Odalis Corbacho,2025-08-19
78,3,8,24000,rancajua,246,Brunilda Canals,2025-12-17
79,6,11,44000,Calama,168,Íñigo Cuéllar,2025-12-12
80,1,19,133000,Rancagua,74,Fulgencio Vilalta,2025-08-23
81,6,17,68000,rancagua,117,J pablo Novoa,2025-05-29
82,1,8,56000,Calama,231,Federico Ródenas,2025-07-06
83,4,3,36000,Valpo,154,Iván Gabaldón,2025-03-19
84,6,3,12000,Valparaíso,152,Ana Sofía Pinedo,2025-08-06
85,2,1,5000,puerto mont,2,Montserrat Palmer,2025-02-21
85,1,5,35000,PMontt,15,Ulises Quirós,2025-12-08
87,4,10,120000,calama,90,J pablo Landa,2025-06-29
88,8,7,24500,rcgua,7,Gerónimo Calatayud,2025-05-31
89,1,9,63000,Rancagua,220,Brunilda prado,2025-04-26
90,6,7,28000,Concepción,108,Klaudio Guardiola,2025-08-26
91,6,9,36000,valparaiso,60,walter Gnzález,2025-02-20
92,7,8,64000,consepcion,137,Mirta Pardo,2025-12-03
93,8,12,42000,PMontt,263,Alfonso Herranz,2025-01-11
94,6,2,8000,Prt montt,245,Ximena Castro,2025-09-01
95,4,1,12000,calama,42,Florencio Arana,2025-05-03
96,5,16,144000,Puerto Montt,20,Hanns Ramón,2025-01-18
97,3,5,15000,calama,145,Estela Peralta,2025-03-15
98,1,3,21000,valparaiso,252,Gala Machado,2025-08-02
99,1,12,84000,rcgua,123,Dorita Liyo,2025-08-16
100,2,8,40000,calma,286,Plinio Liyo,2025-03-03
101,7,3,24000,conce,49,Curro Rodrigo,2025-04-27
102,4,1,12000,Puerto Montt,208,Marsela Liyo,2025-04-04
103,2,3,15000,Stgo,294,Paco Blazquez,2025-06-22
104,6,5,20000,rancajua,243,Elisa Cid,2025-09-11
104,2,15,75000,calama,135,Ana Lorena Gnzález,2025-11-15
106,3,14,42000,Prt montt,125,Elvira Vaquero,2025-04-04
107,6,3,12000,Clama,224,Violeta Vives,2025-05-06
108,8,1,3500,conce,75,Nayara Padilla,2025-12-07
109,4,5,60000,Rancagua,85,Leandra Martorell,2025-12-03
110,1,14,98000,Rancagua,109,Silvia Neira,2025-08-29
111,3,7,21000,rancajua,100,Pastor prado,2025-04-26
112,1,9,63000,calma,232,María Teresa Quirós,2025-08-18
113,4,15,180000,PMontt,135,Ana Lorena Gnzález,2025-07-19
114,5,15,135000,Clama,52,Ana Lorena Solano,2025-04-08
115,6,10,40000,Calama,150,Hanns Valderrama,2025-06-15
116,8,13,45500,PMontt,146,Leandra Sanz,2025-12-20
117,3,19,57000,consepcion,110,Frnanda Osuna,2025-08-06
118,2,7,35000,Valpo,119,Cebrián fernandez,2025-04-07
119,2,17,85000,Valparaíso,197,Marsela Gnzález,2025-03-13
120,4,4,48000,calama,32,Débora Báez,2025-01-14
121,2,5,25000,Vlpo,261,Arcelia Diaz,2025-11-24
122,3,7,21000,conce,45,Carmelita Borja,2025-09-21
123,3,13,39000,snatiago,11,Pelayo Franch,2025-01-14
124,2,15,75000,calama,288,María Luisa Martorell,2025-05-28
125,8,11,38500,Vlpo,214,Ana Sofía Serra,2025-12-21
126,3,4,12000,Calama,166,Jesusa Leal,2025-12-07
127,4,13,156000,puerto mont,72,José Ángel Cañas,2025-11-09
128,8,7,24500,Clama,67,Marsela Borja,2025-10-29
129,7,19,152000,Puerto Montt,166,Jesusa Leal,2025-07-24
130,7,2,16000,santiago,102,Amando Canals,2025-09-07
131,5,10,90000,santiago,123,Dorita Liyo,2025-12-12
132,8,13,45500,Rancagua,196,Montserrat Alegre,2025-04-25
133,2,6,30000,rancajua,151,Eusebio Escribano,2025-05-18
134,3,12,36000,consepcion,258,Lupe Leal,2025-10-25
135,8,12,42000,Vlpo,229,Aránzazu Alfonso,2025-02-25
136,8,11,38500,Valpo,112,Yésica Pombo,2025-08-02
137,8,7,24500,Rancagua,24,Ximena Sánches,2025-06-21
138,5,1,9000,Concepción,252,Gala Machado,2025-12-23
139,7,1,8000,Prt montt,193,walter Soriano,2025-08-18
140,4,13,156000,snatiago,146,Leandra Sanz,2025-03-29
141,5,9,81000,calama,81,Cebrián Miró,2025-04-16
142,1,3,21000,Puerto Montt,66,Nicolás Liyo,2025-12-11
143,1,7,49000,Stgo,185,Carmela Isern,2025-08-28
144,8,6,21000,conce,119,Cebrián fernandez,2025-11-30
145,3,8,24000,Puerto Montt,283,Klaudio Royo,2025-08-02
146,7,9,72000,Clama,104,walter Laguna,2025-09-30
147,1,5,35000,santiago,42,Florencio Arana,2025-02-03
148,4,1,12000,calma,277,Alonso Luque,2025-09-28
149,5,19,171000,Concepción,298,Juanito Garmendia,2025-07-26
150,8,10,35000,Valpo,177,Etelvina Carreras,2025-02-24
151,2,12,60000,Clama,95,Emiliana Mayol,2025-06-25
152,7,15,120000,Calama,249,Isa Amat,2025-10-19
153,4,9,108000,consepcion,285,Leandra Miralles,2025-05-27
154,7,17,136000,rcgua,77,Beatriz Valderrama,2025-03-18
155,3,17,51000,consepcion,71,Moisés Abril,2025-12-21
156,2,12,60000,valparaiso,139,J pablo Collado,2025-06-13
157,5,7,63000,Clama,19,Maria Tirado,2025-08-18
158,7,2,16000,Santiago,137,Mirta Pardo,2025-09-09
159,5,3,27000,Valparaíso,51,Valentina Blasco,2025-07-30
160,5,17,153000,Vlpo,115,Nicolasa Osuna,2025-11-25
161,5,5,45000,rcgua,184,Vasco Acevedo,2025-02-25
162,4,17,204000,Prt montt,246,Brunilda Canals,2025-07-20
163,7,17,136000,Valpo,233,José Ángel Gilabert,2025-05-11
164,4,17,204000,Calama,264,Leandra Martin,2025-02-19
165,5,2,18000,Concepción,180,Lina Santamaria,2025-08-28
166,3,2,6000,Santiago,274,Felix Salinas,2025-08-07
167,4,5,60000,consepcion,237,Alfonso Rebollo,2025-01-25
168,4,1,12000,calama,188,Eli Chacón,2025-03-22
169,3,1,3000,Rancagua,73,Natanael Liyo,2025-11-08
170,6,19,76000,Stgo,17,Dulce Abril,2025-05-28
171,3,2,6000,Valpo,104,walter Laguna,2025-07-22
172,1,12,84000,rancajua,127,Hanns Aragonés,2025-08-14
173,3,6,18000,Valpo,68,Lupe Ferrero,2025-12-09
174,6,4,16000,Valparaíso,159,Ciríaco Casas,2025-02-10
175,5,11,99000,puerto mont,91,Eusebio Ayala,2025-05-27
176,2,17,85000,Vlpo,149,Victor Manuel Luque,2025-02-20
177,7,6,48000,consepcion,54,Aránzazu Ferrero,2025-10-17
178,2,5,25000,valparaiso,298,Juanito Garmendia,2025-06-28
179,8,2,7000,Calama,251,Felix fernandez,2025-05-17
180,6,6,24000,Vlpo,148,Florencio Sanz,2025-08-06
181,2,11,55000,Clama,228,José Ángel Oliva,2025-01-05
182,5,16,144000,rancajua,171,Francisco Javier Vidal,2025-04-11
183,4,16,192000,Concepción,217,Evelia Falcón,2025-09-04
184,4,1,12000,rcgua,233,José Ángel Gilabert,2025-08-19
185,3,9,27000,consepcion,19,Maria Tirado,2025-02-06
185,4,6,72000,rancajua,292,Jimena prado,2025-02-26
187,3,16,48000,PMontt,103,Mariana Font,2025-06-17
188,7,3,24000,Prt montt,3,Arcelia Álamo,2025-08-27
189,3,4,12000,Stgo,272,Hilario Sabater,2025-10-31
190,1,19,133000,Puerto Montt,61,walter Peiró,2025-03-13
191,8,3,10500,Stgo,205,Carmelita Roda,2025-01-23
192,3,19,57000,rcgua,85,Leandra Martorell,2025-09-26
193,3,7,21000,Clama,93,Marita Gallego,2025-10-26
194,8,9,31500,Concepción,199,Aura Miró,2025-11-28
195,5,1,9000,Clama,183,Lucio Tirado,2025-08-26
196,8,8,28000,consepcion,28,Leopoldo Garmendia,2025-06-15
197,4,7,84000,snatiago,184,Vasco Acevedo,2025-09-30
198,1,18,126000,snatiago,67,Marsela Borja,2025-05-24
199,1,8,56000,calma,232,María Teresa Quirós,2025-11-16
200,2,1,5000,Valparaíso,73,Natanael Liyo,2025-07-20
201,2,11,55000,puerto mont,133,Ana Lorena Clavero,2025-05-18
202,5,18,162000,Concepción,266,Haroldo Cid,2025-03-08
203,8,10,35000,calma,258,Lupe Leal,2025-06-03
204,8,3,10500,rancajua,76,Nayara Blasco,2025-06-26
205,3,7,21000,santiago,6,Javi Pasheco,2025-03-15
206,2,16,80000,consepcion,147,Rosalina Crespi,2025-07-21
207,7,16,128000,Clama,227,Jesusa Armengol,2025-03-05
208,6,17,68000,Stgo,159,Ciríaco Casas,2025-09-26
209,4,2,24000,snatiago,115,Nicolasa Osuna,2025-08-12
210,2,1,5000,puerto mont,211,Loida Iniesta,2025-11-05
211,6,16,64000,puerto mont,193,walter Soriano,2025-07-20
212,4,12,144000,Clama,270,Arcelia Aranda,2025-12-25
213,6,5,20000,PMontt,79,Ana Belén Lloret,2025-11-01
214,4,5,60000,Concepción,220,Brunilda prado,2025-09-07
214,2,9,45000,Puerto Montt,37,Bautista Liyo,2025-02-19
216,2,9,45000,rancajua,163,Nayara prado,2025-06-20
217,1,3,21000,Stgo,125,Elvira Vaquero,2025-06-05
218,2,19,95000,Puerto Montt,211,Loida Iniesta,2025-01-08
219,5,16,144000,Santiago,45,Carmelita Borja,2025-06-02
220,8,16,56000,Concepción,4,Nicolás prado,2025-12-30
221,4,3,36000,Vlpo,24,Ximena Sánches,2025-03-09
222,7,1,8000,valparaiso,53,J pablo Montes,2025-04-05
223,2,11,55000,Valparaíso,13,Patricio Franch,2025-07-20
224,7,17,136000,PMontt,72,José Ángel Cañas,2025-02-14
225,1,8,56000,rcgua,31,Amaya Leal,2025-06-02
226,6,4,16000,Valpo,195,Beatriz Pineda,2025-12-12
227,6,6,24000,valparaiso,179,J pablo Almazán,2025-10-08
228,5,8,72000,calama,209,Haroldo Mendez,2025-12-18
228,5,3,27000,Valpo,275,Nerea Quiroga,2025-08-07
230,2,16,80000,Stgo,221,Eusebio Torrent,2025-01-19
231,3,3,9000,Prt montt,63,Juan Manuel Calvet,2025-04-29
232,1,18,126000,Valparaíso,112,Yésica Pombo,2025-03-19
233,3,14,42000,rcgua,241,Juanito Ayala,2025-07-04
234,7,18,144000,Clama,282,Alfonso Español,2025-02-06
235,6,2,8000,Valparaíso,233,José Ángel Gilabert,2025-11-11
236,8,3,10500,Puerto Montt,40,Venceslás Osuna,2025-02-24
237,6,16,64000,calama,60,walter Gnzález,2025-04-13
238,5,9,81000,rancajua,253,Ana Lorena Rivera,2025-04-15
239,1,4,28000,Calama,236,Elías Sánches,2025-07-19
240,8,1,3500,Calama,260,Leopoldo Costa,2025-05-01
241,5,4,36000,rancajua,23,Nazaret Lasa,2025-10-14
242,8,1,3500,Concepción,113,Custodio Guardiola,2025-06-04
243,7,14,112000,valparaiso,286,Plinio Liyo,2025-07-18
244,5,16,144000,Santiago,200,Jenaro Romero,2025-09-22
245,3,8,24000,puerto mont,101,Valeria Sanz,2025-02-14
246,1,7,49000,Prt montt,222,Maria Atienza,2025-12-28
247,5,3,27000,Santiago,256,María Ángeles Sánches,2025-02-11
248,3,17,51000,Stgo,69,Federico Llabrés,2025-11-12
249,7,1,8000,consepcion,2,Montserrat Palmer,2025-10-09
250,8,16,56000,Santiago,72,José Ángel Cañas,2025-06-25
251,6,12,48000,Clama,300,Ruperta Barco,2025-11-29
252,4,19,228000,calma,289,Macarena Acuña,2025-09-25
253,2,14,70000,PMontt,269,Paz Ros,2025-05-11
254,4,6,72000,puerto mont,290,Roxana prado,2025-06-27
255,2,6,30000,rancagua,74,Fulgencio Vilalta,2025-07-18
256,6,13,52000,Vlpo,162,Ana Lorena Iriarte,2025-09-27
257,4,19,228000,Vlpo,171,Francisco Javier Vidal,2025-05-31
258,4,8,96000,Valparaíso,81,Cebrián Miró,2025-05-16
259,7,2,16000,Rancagua,190,Domitila prado,2025-02-08
259,7,1,8000,calama,251,Felix fernandez,2025-12-04
261,3,15,45000,puerto mont,235,Ana Belén Clavero,2025-07-13
262,7,1,8000,santiago,51,Valentina Blasco,2025-09-29
263,2,5,25000,Valparaíso,60,walter Gnzález,2025-11-10
264,3,16,48000,Valparaíso,297,Teo Gnzález,2025-11-26
265,8,19,66500,calama,149,Victor Manuel Luque,2025-05-05
266,5,4,36000,Santiago,55,Flavio Manzano,2025-07-21
267,2,3,15000,conce,118,Dorita Carmona,2025-04-13
268,8,17,59500,conce,233,José Ángel Gilabert,2025-09-26
269,4,17,204000,Puerto Montt,144,Ana Belén Blasco,2025-12-27
270,6,12,48000,conce,158,Odalis Corbacho,2025-10-09
271,5,14,126000,rcgua,152,Ana Sofía Pinedo,2025-09-05
272,3,6,18000,Valpo,187,Custodio Leiva,2025-03-18
273,1,3,21000,Santiago,181,Lucila Céspedes,2025-09-18
274,7,9,72000,Rancagua,153,Óscar Cerro,2025-01-21
275,7,5,40000,Stgo,192,Carlos Osorio,2025-02-20
276,2,17,85000,calama,11,Pelayo Franch,2025-12-25
277,6,14,56000,rancagua,240,Frnanda Navas,2025-05-09
277,3,3,9000,consepcion,43,Remedios Báez,2025-12-11
279,3,1,3000,consepcion,289,Macarena Acuña,2025-02-04
280,8,1,3500,calama,72,José Ángel Cañas,2025-02-09
281,1,3,21000,calama,96,Eusebio Amigó,2025-10-19
282,2,18,90000,Rancagua,25,Maria Falcón,2025-04-23
283,8,10,35000,Rancagua,286,Plinio Liyo,2025-06-17
284,2,3,15000,Vlpo,27,Fortunato Hurtado,2025-10-15
285,4,8,96000,Puerto Montt,19,Maria Tirado,2025-02-10
285,4,14,168000,rancajua,193,walter Soriano,2025-03-28
287,6,18,72000,santiago,157,Alondra Aranda,2025-03-04
288,2,15,75000,Prt montt,259,Klaudio Español,2025-08-25
289,7,2,16000,valparaiso,296,J pablo Luque,2025-03-21
290,5,10,90000,calama,163,Nayara prado,2025-10-28
291,4,2,24000,rancagua,270,Arcelia Aranda,2025-08-08
292,7,17,136000,calma,56,Frnanda Coloma,2025-07-18
293,5,8,72000,snatiago,207,Brunilda Asensio,2025-11-03
294,1,1,7000,Santiago,91,Eusebio Ayala,2025-12-26
295,1,9,63000,Stgo,50,Alondra Acero,2025-08-11
296,5,11,99000,rcgua,25,Maria Falcón,2025-04-12
297,5,16,144000,Santiago,79,Ana Belén Lloret,2025-09-16
298,8,7,24500,Calama,198,Débora Barros,2025-04-03
299,5,10,90000,santiago,299,Manola Osorio,2025-08-25
299,5,3,27000,calama,246,Brunilda Canals,2025-09-07
301,7,18,144000,snatiago,20,Hanns Ramón,2025-01-11
302,8,13,45500,Valpo,19,Maria Tirado,2025-03-04
303,3,7,21000,calama,111,Patricio Montes,2025-05-03
304,3,4,12000,calama,28,Leopoldo Garmendia,2025-06-24
305,6,13,52000,conce,217,Evelia Falcón,2025-01-01
306,3,1,3000,Stgo,142,Sosimo Morales,2025-05-18
307,3,8,24000,Valparaíso,200,Jenaro Romero,2025-03-29
308,7,14,112000,Vlpo,214,Ana Sofía Serra,2025-11-10
309,2,16,80000,Concepción,65,Débora Rocha,2025-05-07
310,3,14,42000,Rancagua,30,Florinda Ureña,2025-09-28
311,8,12,42000,Concepción,51,Valentina Blasco,2025-10-15
312,1,19,133000,puerto mont,150,Hanns Valderrama,2025-05-24
313,8,15,52500,puerto mont,24,Ximena Sánches,2025-02-24
314,8,2,7000,calama,278,J pablo Andrés,2025-01-20
315,1,2,14000,Calama,65,Débora Rocha,2025-05-18
316,8,19,66500,santiago,6,Javi Pasheco,2025-03-09
317,7,17,136000,Valpo,23,Nazaret Lasa,2025-02-07
318,1,10,70000,Concepción,260,Leopoldo Costa,2025-11-05
319,5,6,54000,Santiago,271,Irene Granados,2025-04-10
320,2,15,75000,conce,193,walter Soriano,2025-10-07
321,6,11,44000,santiago,60,walter Gnzález,2025-05-04
322,1,5,35000,snatiago,198,Débora Barros,2025-09-08
323,1,1,7000,rcgua,271,Irene Granados,2025-09-04
324,5,8,72000,Clama,52,Ana Lorena Solano,2025-04-04
325,8,12,42000,Vlpo,75,Nayara Padilla,2025-08-15
325,1,12,84000,Stgo,37,Bautista Liyo,2025-08-27
327,8,5,17500,rcgua,24,Ximena Sánches,2025-07-16
328,5,7,63000,Valparaíso,264,Leandra Martin,2025-07-11
329,8,4,14000,Calama,226,Teo Quero,2025-03-30
330,8,6,21000,Puerto Montt,44,Anselmo Bautista,2025-03-21
331,7,13,104000,PMontt,221,Eusebio Torrent,2025-12-16
332,1,15,105000,valparaiso,282,Alfonso Español,2025-04-05
333,5,3,27000,Calama,108,Klaudio Guardiola,2025-02-12
334,2,8,40000,Santiago,96,Eusebio Amigó,2025-11-07
335,6,16,64000,calama,137,Mirta Pardo,2025-05-19
336,1,13,91000,rancagua,3,Arcelia Álamo,2025-01-20
337,3,18,54000,PMontt,223,Marciano Rodrigo,2025-07-02
338,4,10,120000,Puerto Montt,85,Leandra Martorell,2025-08-01
339,7,19,152000,conce,202,María Ángeles Franch,2025-05-28
340,7,17,136000,rcgua,228,José Ángel Oliva,2025-03-21
341,3,19,57000,Calama,134,Consuelo Garcés,2025-12-25
342,7,5,40000,puerto mont,31,Amaya Leal,2025-03-25
343,6,9,36000,Concepción,176,Maria Romero,2025-05-16
344,1,12,84000,Puerto Montt,154,Iván Gabaldón,2025-04-01
345,1,1,7000,rancagua,208,Marsela Liyo,2025-11-17
346,3,1,3000,rcgua,214,Ana Sofía Serra,2025-05-16
347,5,15,135000,conce,6,Javi Pasheco,2025-07-19
348,4,2,24000,Santiago,34,Juan Manuel Feijoo,2025-03-14
349,4,16,192000,Concepción,59,walter Cueto,2025-07-13
350,8,8,28000,snatiago,27,Fortunato Hurtado,2025-01-20
351,2,13,65000,Valparaíso,227,Jesusa Armengol,2025-05-06
352,4,1,12000,Concepción,166,Jesusa Leal,2025-12-05
353,3,16,48000,santiago,40,Venceslás Osuna,2025-02-06
354,6,7,28000,calama,241,Juanito Ayala,2025-12-14
355,2,5,25000,consepcion,296,J pablo Luque,2025-04-27
356,7,3,24000,rancagua,141,Maria Cuervo,2025-12-01
357,6,12,48000,Rancagua,242,Maximiliano Sánches,2025-10-16
358,7,16,128000,rancajua,212,Amando prado,2025-11-06
359,4,19,228000,Rancagua,107,Frnanda Hervás,2025-11-16
360,2,5,25000,puerto mont,23,Nazaret Lasa,2025-06-20
361,4,14,168000,Valparaíso,200,Jenaro Romero,2025-11-02
362,8,5,17500,Clama,40,Venceslás Osuna,2025-04-02
363,3,15,45000,Clama,82,Luis Guerrero,2025-12-08
364,7,17,136000,rancagua,207,Brunilda Asensio,2025-11-29
365,2,14,70000,santiago,30,Florinda Ureña,2025-06-12
366,3,5,15000,valparaiso,199,Aura Miró,2025-09-15
367,4,12,144000,rancajua,268,Mateo Gallego,2025-07-26
368,2,16,80000,Valparaíso,201,Moisés Quiroga,2025-06-09
369,7,16,128000,calma,110,Frnanda Osuna,2025-04-10
369,3,7,21000,PMontt,149,Victor Manuel Luque,2025-06-17
371,3,4,12000,Prt montt,140,Alonso Lasa,2025-10-12
372,3,1,3000,Rancagua,185,Carmela Isern,2025-08-05
373,6,5,20000,conce,43,Remedios Báez,2025-04-03
374,8,10,35000,puerto mont,240,Frnanda Navas,2025-05-17
375,2,5,25000,conce,273,Ana Belén Sánches,2025-01-09
376,5,4,36000,Clama,218,Adelaida Quero,2025-12-23
377,2,2,10000,Prt montt,282,Alfonso Español,2025-11-05
378,5,10,90000,Valparaíso,243,Elisa Cid,2025-11-15
379,2,19,95000,rancajua,155,Hernando Campillo,2025-10-16
380,8,1,3500,Vlpo,240,Frnanda Navas,2025-04-12
381,1,5,35000,valparaiso,164,walter Liyo,2025-03-31
382,6,13,52000,rcgua,266,Haroldo Cid,2025-08-20
383,3,4,12000,calma,276,walter Lloret,2025-09-08
384,2,16,80000,Stgo,221,Eusebio Torrent,2025-01-24
385,6,16,64000,Prt montt,101,Valeria Sanz,2025-06-30
386,6,2,8000,Puerto Montt,16,Judith Oliver,2025-02-03
387,8,17,59500,Valparaíso,298,Juanito Garmendia,2025-07-30
388,6,12,48000,Clama,290,Roxana prado,2025-11-07
389,3,18,54000,Calama,52,Ana Lorena Solano,2025-07-29
390,4,3,36000,Stgo,199,Aura Miró,2025-10-26
391,6,1,4000,Concepción,154,Iván Gabaldón,2025-04-21
392,2,1,5000,Rancagua,292,Jimena prado,2025-10-31
393,2,19,95000,rcgua,281,Santiago Chamorro,2025-03-01
394,6,11,44000,Prt montt,236,Elías Sánches,2025-07-15
395,4,5,60000,Calama,41,Aurora Terrón,2025-10-06
396,2,12,60000,Prt montt,39,Elvira Rivera,2025-08-10
397,5,3,27000,Puerto Montt,207,Brunilda Asensio,2025-03-23
398,1,1,7000,calama,110,Frnanda Osuna,2025-08-08
399,8,1,3500,Calama,129,María Luisa Abella,2025-11-02
400,1,8,56000,Calama,227,Jesusa Armengol,2025-05-21
401,6,10,40000,Calama,189,Amanda Toro,2025-04-21
402,5,11,99000,calma,154,Iván Gabaldón,2025-08-06
403,5,12,108000,Prt montt,183,Lucio Tirado,2025-05-06
404,2,13,65000,rcgua,256,María Ángeles Sánches,2025-11-20
405,5,12,108000,Valpo,21,Luis Miguel Sánches,2025-12-01
406,7,14,112000,Prt montt,41,Aurora Terrón,2025-05-18
407,1,2,14000,Valparaíso,97,Cosme Ureña,2025-07-09
408,4,19,228000,rancagua,125,Elvira Vaquero,2025-06-19
409,7,18,144000,calama,87,Primitiva Quiroga,2025-12-25
410,7,3,24000,Prt montt,272,Hilario Sabater,2025-03-25
411,5,17,153000,calma,293,Ruperta Vidal,2025-11-22
412,6,8,32000,Vlpo,167,Domitila Riba,2025-12-19
413,6,10,40000,Valpo,81,Cebrián Miró,2025-03-24
414,4,2,24000,Vlpo,101,Valeria Sanz,2025-06-05
415,4,19,228000,PMontt,268,Mateo Gallego,2025-12-05
415,3,9,27000,Calama,229,Aránzazu Alfonso,2025-11-26
417,4,7,84000,conce,124,Fortunata Chamorro,2025-07-22
418,2,4,20000,Puerto Montt,293,Ruperta Vidal,2025-10-22
419,6,18,72000,Puerto Montt,172,Moisés Sánches,2025-02-06
420,7,13,104000,rcgua,254,Florencio Sobrino,2025-12-22
421,8,11,38500,puerto mont,149,Victor Manuel Luque,2025-08-21
422,3,4,12000,rancajua,56,Frnanda Coloma,2025-04-28
423,8,4,14000,rancagua,184,Vasco Acevedo,2025-06-01
424,7,10,80000,Stgo,91,Eusebio Ayala,2025-11-27
425,6,5,20000,Vlpo,175,Marina Álamo,2025-09-22
426,4,9,108000,PMontt,284,Tamara Santamaria,2025-06-19
427,5,3,27000,Puerto Montt,9,Maria Liyo,2025-06-15
428,5,17,153000,Rancagua,29,Marsela Pinedo,2025-09-19
429,5,3,27000,PMontt,110,Frnanda Osuna,2025-07-09
430,3,16,48000,snatiago,214,Ana Sofía Serra,2025-01-11
431,1,4,28000,rancajua,144,Ana Belén Blasco,2025-08-13
432,5,18,162000,Calama,135,Ana Lorena Gnzález,2025-11-28
433,4,17,204000,calama,172,Moisés Sánches,2025-03-24
434,6,7,28000,Vlpo,43,Remedios Báez,2025-09-11
435,3,5,15000,rcgua,157,Alondra Aranda,2025-04-18
436,5,12,108000,Santiago,148,Florencio Sanz,2025-11-22
437,5,17,153000,rancagua,249,Isa Amat,2025-12-25
438,4,13,156000,PMontt,51,Valentina Blasco,2025-10-26
439,4,3,36000,valparaiso,150,Hanns Valderrama,2025-04-07
440,2,9,45000,Concepción,241,Juanito Ayala,2025-02-03
441,3,17,51000,rcgua,257,Leopoldo Andrés,2025-05-02
442,2,17,85000,snatiago,270,Arcelia Aranda,2025-01-29
443,2,16,80000,consepcion,173,Matías Laguna,2025-01-01
444,2,13,65000,rancagua,84,Odalis Acevedo,2025-03-17
445,6,19,76000,Stgo,99,Feliciana Soriano,2025-12-16
446,6,17,68000,Clama,113,Custodio Guardiola,2025-02-26
447,2,4,20000,Puerto Montt,90,J pablo Landa,2025-08-13
448,4,12,144000,Santiago,87,Primitiva Quiroga,2025-08-02
449,4,9,108000,Puerto Montt,195,Beatriz Pineda,2025-11-28
450,7,19,152000,conce,4,Nicolás prado,2025-12-05
451,3,12,36000,consepcion,281,Santiago Chamorro,2025-03-06
452,5,9,81000,snatiago,106,Nicolás Corbacho,2025-03-25
453,4,7,84000,snatiago,10,Arcelia Iriarte,2025-06-28
454,5,14,126000,calama,59,walter Cueto,2025-08-30
455,8,19,66500,calama,55,Flavio Manzano,2025-05-22
456,4,15,180000,Prt montt,140,Alonso Lasa,2025-06-01
457,5,16,144000,rancajua,101,Valeria Sanz,2025-04-21
458,5,5,45000,Concepción,87,Primitiva Quiroga,2025-01-18
459,4,3,36000,calma,7,Gerónimo Calatayud,2025-07-17
460,6,12,48000,PMontt,69,Federico Llabrés,2025-06-08
461,4,4,48000,Clama,223,Marciano Rodrigo,2025-06-12
462,6,16,64000,conce,149,Victor Manuel Luque,2025-01-21
463,3,7,21000,Clama,215,Valentina Porta,2025-03-26
464,3,13,39000,rancagua,273,Ana Belén Sánches,2025-03-05
465,4,10,120000,Stgo,278,J pablo Andrés,2025-09-01
466,8,7,24500,rancajua,1,Andrea Blanes,2025-08-31
467,7,14,112000,Stgo,129,María Luisa Abella,2025-06-30
468,7,5,40000,snatiago,162,Ana Lorena Iriarte,2025-07-03
469,1,3,21000,PMontt,231,Federico Ródenas,2025-09-26
470,6,11,44000,calma,292,Jimena prado,2025-03-21
471,6,11,44000,PMontt,162,Ana Lorena Iriarte,2025-06-19
472,4,18,216000,rancajua,30,Florinda Ureña,2025-10-12
473,2,15,75000,puerto mont,151,Eusebio Escribano,2025-02-22
474,6,12,48000,snatiago,147,Rosalina Crespi,2025-09-07
475,8,9,31500,rcgua,272,Hilario Sabater,2025-03-24
476,3,10,30000,Calama,263,Alfonso Herranz,2025-02-18
477,6,12,48000,rancajua,20,Hanns Ramón,2025-08-16
478,5,17,153000,Prt montt,80,Griselda Lasa,2025-04-05
479,8,6,21000,Santiago,173,Matías Laguna,2025-10-06
480,7,7,56000,Santiago,205,Carmelita Roda,2025-12-06
481,4,14,168000,Santiago,8,Maria Borrell,2025-09-07
482,7,13,104000,Valparaíso,247,Tito Gras,2025-01-30
483,2,8,40000,Valpo,111,Patricio Montes,2025-04-15
484,4,10,120000,puerto mont,199,Aura Miró,2025-08-24
485,7,9,72000,Vlpo,219,Blas Canals,2025-10-20
486,5,18,162000,Concepción,186,Victor Manuel Barco,2025-05-21
487,8,2,7000,santiago,14,Patricio Céspedes,2025-10-31
488,3,5,15000,Rancagua,175,Marina Álamo,2025-04-29
489,3,5,15000,Concepción,107,Frnanda Hervás,2025-12-21
490,8,6,21000,calama,46,Moisés Clavero,2025-11-03
491,6,19,76000,conce,274,Felix Salinas,2025-09-05
492,8,8,28000,conce,97,Cosme Ureña,2025-09-18
493,5,16,144000,calama,79,Ana Belén Lloret,2025-08-21
494,7,13,104000,calma,17,Dulce Abril,2025-05-14
495,7,1,8000,Santiago,29,Marsela Pinedo,2025-06-02
496,7,17,136000,Clama,15,Ulises Quirós,2025-08-02
497,5,7,63000,Calama,166,Jesusa Leal,2025-05-05
498,1,13,91000,PMontt,63,Juan Manuel Calvet,2025-02-21
499,7,4,32000,Clama,51,Valentina Blasco,2025-08-17
500,1,4,28000,Rancagua,137,Mirta Pardo,2025-11-22
501,3,6,18000,calma,199,Aura Miró,2025-10-01
502,4,19,228000,rcgua,248,Valeria Hoz,2025-05-12
503,4,12,144000,rcgua,200,Jenaro Romero,2025-03-28
504,1,7,49000,Concepción,272,Hilario Sabater,2025-08-14
505,7,10,80000,Calama,207,Brunilda Asensio,2025-10-07
506,8,19,66500,Vlpo,133,Ana Lorena Clavero,2025-03-24
507,3,7,21000,calma,279,Consuelo Pasheco,2025-05-05
508,1,3,21000,calama,258,Lupe Leal,2025-04-17
509,7,13,104000,valparaiso,204,Victor Manuel Pasheco,2025-04-05
510,2,13,65000,rcgua,132,Juan Francisco Aznar,2025-01-15
511,6,18,72000,Puerto Montt,109,Silvia Neira,2025-01-07
512,5,8,72000,PMontt,269,Paz Ros,2025-11-28
513,6,9,36000,santiago,218,Adelaida Quero,2025-09-21
514,7,7,56000,Puerto Montt,7,Gerónimo Calatayud,2025-02-25
515,6,1,4000,Stgo,69,Federico Llabrés,2025-06-26
516,8,3,10500,Valpo,216,Nazaret Garcés,2025-07-09
517,7,13,104000,conce,298,Juanito Garmendia,2025-07-21
518,4,17,204000,Santiago,82,Luis Guerrero,2025-01-19
519,7,1,8000,Vlpo,190,Domitila prado,2025-09-13
520,7,6,48000,Concepción,247,Tito Gras,2025-04-17
521,5,6,54000,rancajua,201,Moisés Quiroga,2025-06-02
522,3,12,36000,Stgo,296,J pablo Luque,2025-09-29
523,6,13,52000,Valparaíso,135,Ana Lorena Gnzález,2025-01-27
524,3,13,39000,conce,99,Feliciana Soriano,2025-10-25
525,5,15,135000,Valparaíso,204,Victor Manuel Pasheco,2025-01-12
526,1,16,112000,Calama,289,Macarena Acuña,2025-09-07
527,1,11,77000,Clama,145,Estela Peralta,2025-08-08
528,5,5,45000,consepcion,96,Eusebio Amigó,2025-10-23
529,7,4,32000,PMontt,245,Ximena Castro,2025-03-01
530,6,3,12000,puerto mont,110,Frnanda Osuna,2025-08-18
531,8,19,66500,consepcion,51,Valentina Blasco,2025-11-14
532,1,18,126000,calama,275,Nerea Quiroga,2025-04-15
533,1,15,105000,rancajua,175,Marina Álamo,2025-09-01
534,1,9,63000,rancagua,47,Eusebio Sobrino,2025-08-02
535,8,17,59500,Rancagua,104,walter Laguna,2025-02-17
536,5,14,126000,Valpo,98,Odalis Oliver,2025-07-25
537,4,15,180000,consepcion,104,walter Laguna,2025-01-07
538,5,1,9000,snatiago,278,J pablo Andrés,2025-05-28
539,3,3,9000,Clama,51,Valentina Blasco,2025-11-01
540,7,16,128000,Concepción,82,Luis Guerrero,2025-04-16
541,3,11,33000,Rancagua,121,Tito Martin,2025-09-07
542,7,12,96000,Calama,249,Isa Amat,2025-04-06
543,6,10,40000,puerto mont,38,Marita Romero,2025-01-31
544,8,16,56000,PMontt,92,Etelvina Galindo,2025-04-20
545,8,8,28000,calama,196,Montserrat Alegre,2025-02-06
546,3,6,18000,Concepción,64,Klaudio Huerta,2025-06-19
547,3,12,36000,Concepción,300,Ruperta Barco,2025-04-30
548,8,8,28000,Valpo,57,Hermenegildo Abella,2025-02-25
549,3,4,12000,Rancagua,12,Juanito Armengol,2025-07-22
550,6,8,32000,Calama,75,Nayara Padilla,2025-09-17
551,2,18,90000,Concepción,269,Paz Ros,2025-09-07
552,4,5,60000,Concepción,269,Paz Ros,2025-07-24
553,4,9,108000,Vlpo,141,Maria Cuervo,2025-06-02
554,4,4,48000,PMontt,82,Luis Guerrero,2025-01-31
555,2,17,85000,Stgo,231,Federico Ródenas,2025-04-04
556,2,9,45000,Prt montt,45,Carmelita Borja,2025-07-22
556,4,1,12000,conce,27,Fortunato Hurtado,2025-05-27
558,1,13,91000,Prt montt,198,Débora Barros,2025-08-02
559,2,16,80000,consepcion,40,Venceslás Osuna,2025-04-05
560,5,13,117000,valparaiso,135,Ana Lorena Gnzález,2025-10-07
561,7,14,112000,puerto mont,293,Ruperta Vidal,2025-05-01
562,7,3,24000,Vlpo,91,Eusebio Ayala,2025-09-01
563,2,6,30000,rcgua,286,Plinio Liyo,2025-10-02
564,5,18,162000,snatiago,236,Elías Sánches,2025-12-02
565,3,19,57000,snatiago,186,Victor Manuel Barco,2025-09-26
566,4,5,60000,Prt montt,45,Carmelita Borja,2025-01-20
567,4,15,180000,Rancagua,79,Ana Belén Lloret,2025-07-25
568,3,2,6000,Vlpo,158,Odalis Corbacho,2025-04-06
569,2,10,50000,Santiago,255,María Luisa Carlos,2025-09-15
570,8,18,63000,snatiago,152,Ana Sofía Pinedo,2025-07-11
571,1,13,91000,PMontt,183,Lucio Tirado,2025-09-19
572,1,5,35000,rancagua,52,Ana Lorena Solano,2025-08-23
573,8,1,3500,consepcion,215,Valentina Porta,2025-09-29
574,7,1,8000,Santiago,213,Victor Manuel Taboada,2025-05-28
575,6,18,72000,consepcion,282,Alfonso Español,2025-03-16
576,4,15,180000,calama,274,Felix Salinas,2025-12-03
577,8,17,59500,calma,272,Hilario Sabater,2025-08-20
578,5,11,99000,Concepción,260,Leopoldo Costa,2025-06-01
579,2,17,85000,rancajua,104,walter Laguna,2025-07-27
580,4,13,156000,Rancagua,225,Valeria Crespi,2025-05-24
581,3,1,3000,Santiago,190,Domitila prado,2025-08-16
582,1,2,14000,rancagua,233,José Ángel Gilabert,2025-05-07
583,3,9,27000,consepcion,47,Eusebio Sobrino,2025-03-16
584,6,3,12000,snatiago,100,Pastor prado,2025-03-03
585,5,1,9000,Clama,240,Frnanda Navas,2025-02-18
586,8,16,56000,snatiago,12,Juanito Armengol,2025-07-19
587,2,6,30000,Puerto Montt,62,Eusebio Camacho,2025-08-18
588,8,17,59500,rancagua,95,Emiliana Mayol,2025-05-27
589,4,5,60000,valparaiso,126,Florencia Gilabert,2025-11-01
590,7,5,40000,Rancagua,294,Paco Blazquez,2025-12-09
591,3,6,18000,Puerto Montt,29,Marsela Pinedo,2025-03-23
592,7,3,24000,Valpo,93,Marita Gallego,2025-04-12
593,6,5,20000,Calama,173,Matías Laguna,2025-01-03
594,5,5,45000,puerto mont,187,Custodio Leiva,2025-08-31
595,1,10,70000,rancagua,1,Andrea Blanes,2025-05-04
596,6,10,40000,calma,115,Nicolasa Osuna,2025-08-28
597,6,19,76000,Puerto Montt,215,Valentina Porta,2025-11-16
598,3,17,51000,Santiago,182,Daniel prado,2025-10-04
599,6,14,56000,puerto mont,44,Anselmo Bautista,2025-04-03
600,6,9,36000,santiago,122,Klaudio Carranza,2025-01-17
601,8,14,49000,conce,204,Victor Manuel Pasheco,2025-07-03
602,4,1,12000,Prt montt,224,Violeta Vives,2025-02-24
603,5,19,171000,santiago,166,Jesusa Leal,2025-06-25
604,7,13,104000,rancajua,246,Brunilda Canals,2025-05-06
605,7,13,104000,Calama,272,Hilario Sabater,2025-06-10
606,8,4,14000,puerto mont,136,Mariana Liyo,2025-07-10
607,6,1,4000,snatiago,7,Gerónimo Calatayud,2025-10-19
608,3,17,51000,valparaiso,18,J pablo Villalba,2025-10-30
609,5,8,72000,Concepción,80,Griselda Lasa,2025-09-11
610,5,2,18000,Rancagua,236,Elías Sánches,2025-10-01
611,1,8,56000,rancajua,187,Custodio Leiva,2025-11-14
612,8,7,24500,consepcion,219,Blas Canals,2025-07-27
613,3,2,6000,valparaiso,85,Leandra Martorell,2025-09-10
613,6,3,12000,calama,44,Anselmo Bautista,2025-09-11
615,3,18,54000,Clama,89,Nieves Valderrama,2025-08-31
616,4,12,144000,calma,266,Haroldo Cid,2025-04-07
617,2,1,5000,Calama,127,Hanns Aragonés,2025-11-25
618,8,12,42000,calama,225,Valeria Crespi,2025-07-12
619,1,5,35000,Rancagua,100,Pastor prado,2025-01-02
619,8,17,59500,rancajua,244,Florencio Novoa,2025-01-15
621,4,16,192000,calama,64,Klaudio Huerta,2025-08-26
622,1,15,105000,Santiago,151,Eusebio Escribano,2025-04-10
623,1,15,105000,Concepción,138,Carlos Salinas,2025-04-10
624,1,5,35000,Concepción,100,Pastor prado,2025-01-29
625,3,14,42000,Calama,189,Amanda Toro,2025-04-16
626,1,2,14000,snatiago,17,Dulce Abril,2025-07-16
627,5,11,99000,Calama,226,Teo Quero,2025-12-10
628,2,19,95000,calma,89,Nieves Valderrama,2025-02-18
629,2,7,35000,Calama,254,Florencio Sobrino,2025-10-18
629,2,6,30000,calma,142,Sosimo Morales,2025-12-03
631,7,2,16000,Valparaíso,156,Manola prado,2025-07-03
632,4,6,72000,Rancagua,10,Arcelia Iriarte,2025-10-31
633,4,18,216000,Prt montt,246,Brunilda Canals,2025-11-10
634,2,2,10000,rancajua,36,Marciano Oliver,2025-03-10
635,8,18,63000,consepcion,7,Gerónimo Calatayud,2025-06-12
636,1,15,105000,Clama,92,Etelvina Galindo,2025-04-04
637,7,19,152000,Calama,67,Marsela Borja,2025-09-29
638,5,2,18000,Vlpo,104,walter Laguna,2025-10-14
639,3,6,18000,Calama,293,Ruperta Vidal,2025-08-21
640,6,1,4000,rcgua,103,Mariana Font,2025-05-11
641,2,15,75000,PMontt,239,Mateo Fábregas,2025-02-28
642,3,10,30000,Vlpo,44,Anselmo Bautista,2025-04-12
643,3,19,57000,calma,123,Dorita Liyo,2025-01-28
644,1,17,119000,valparaiso,280,Hanns Galiano,2025-09-24
645,8,5,17500,Vlpo,31,Amaya Leal,2025-12-07
646,2,4,20000,Stgo,231,Federico Ródenas,2025-09-13
647,6,10,40000,snatiago,209,Haroldo Mendez,2025-07-01
648,1,17,119000,Concepción,13,Patricio Franch,2025-05-19
649,4,10,120000,Puerto Montt,51,Valentina Blasco,2025-09-27
650,5,17,153000,Stgo,152,Ana Sofía Pinedo,2025-02-17
651,2,5,25000,Santiago,151,Eusebio Escribano,2025-02-22
652,5,2,18000,Clama,21,Luis Miguel Sánches,2025-12-17
652,3,6,18000,Clama,64,Klaudio Huerta,2025-05-03
654,6,2,8000,Stgo,199,Aura Miró,2025-10-15
655,2,13,65000,snatiago,222,Maria Atienza,2025-09-11
656,6,11,44000,Vlpo,165,Teodosio Serra,2025-09-02
657,1,11,77000,calma,134,Consuelo Garcés,2025-03-24
658,5,16,144000,Clama,270,Arcelia Aranda,2025-04-23
659,3,11,33000,valparaiso,135,Ana Lorena Gnzález,2025-09-05
660,8,19,66500,Santiago,231,Federico Ródenas,2025-02-09
661,3,15,45000,rcgua,228,José Ángel Oliva,2025-11-23
662,5,16,144000,santiago,32,Débora Báez,2025-05-08
663,2,11,55000,Valparaíso,159,Ciríaco Casas,2025-03-21
664,1,16,112000,Valpo,176,Maria Romero,2025-08-17
665,5,8,72000,Vlpo,205,Carmelita Roda,2025-09-21
666,8,4,14000,calama,55,Flavio Manzano,2025-11-09
667,6,8,32000,PMontt,88,José Ángel Vives,2025-10-01
668,2,4,20000,rcgua,21,Luis Miguel Sánches,2025-06-22
669,1,3,21000,puerto mont,256,María Ángeles Sánches,2025-04-22
670,2,3,15000,snatiago,46,Moisés Clavero,2025-01-16
671,3,18,54000,rancajua,171,Francisco Javier Vidal,2025-11-15
672,3,19,57000,consepcion,272,Hilario Sabater,2025-05-04
673,5,19,171000,conce,92,Etelvina Galindo,2025-04-03
674,2,5,25000,Rancagua,82,Luis Guerrero,2025-02-22
675,8,18,63000,Puerto Montt,160,Ale Amador,2025-08-21
676,6,10,40000,calama,88,José Ángel Vives,2025-01-03
677,7,6,48000,Prt montt,20,Hanns Ramón,2025-08-14
678,5,1,9000,Concepción,107,Frnanda Hervás,2025-03-10
679,4,5,60000,rancajua,159,Ciríaco Casas,2025-01-11
680,4,9,108000,Rancagua,53,J pablo Montes,2025-08-26
681,3,12,36000,Concepción,131,Juan Francisco Osorio,2025-10-30
682,1,14,98000,Clama,162,Ana Lorena Iriarte,2025-01-04
683,7,2,16000,Clama,181,Lucila Céspedes,2025-05-07
684,8,17,59500,Stgo,178,Federico Torrents,2025-05-06
685,8,14,49000,consepcion,88,José Ángel Vives,2025-06-04
685,5,13,117000,rancagua,159,Ciríaco Casas,2025-02-25
687,6,9,36000,snatiago,104,walter Laguna,2025-03-20
688,7,15,120000,Concepción,203,Moisés Peiró,2025-08-26
689,6,15,60000,Clama,92,Etelvina Galindo,2025-09-19
690,8,11,38500,calama,272,Hilario Sabater,2025-09-28
691,4,16,192000,snatiago,192,Carlos Osorio,2025-08-29
692,7,17,136000,Santiago,247,Tito Gras,2025-04-15
693,2,4,20000,Valpo,4,Nicolás prado,2025-03-29
694,6,1,4000,rcgua,48,Nicolasa prado,2025-02-15
695,8,8,28000,rancagua,175,Marina Álamo,2025-11-20
696,7,17,136000,Puerto Montt,252,Gala Machado,2025-12-03
697,2,3,15000,Santiago,253,Ana Lorena Rivera,2025-12-06
698,6,15,60000,rancajua,53,J pablo Montes,2025-07-05
699,5,15,135000,Stgo,154,Iván Gabaldón,2025-05-15
700,7,14,112000,rcgua,166,Jesusa Leal,2025-08-02
701,6,14,56000,rancagua,181,Lucila Céspedes,2025-05-12
702,1,2,14000,calama,188,Eli Chacón,2025-01-24
703,5,13,117000,Rancagua,260,Leopoldo Costa,2025-12-15
704,4,14,168000,Santiago,211,Loida Iniesta,2025-03-20
705,6,19,76000,Vlpo,116,Montserrat Riba,2025-10-29
706,5,7,63000,Concepción,237,Alfonso Rebollo,2025-03-29
707,5,3,27000,Valpo,240,Frnanda Navas,2025-08-12
708,8,15,52500,PMontt,175,Marina Álamo,2025-06-12
709,3,14,42000,calma,144,Ana Belén Blasco,2025-05-07
710,1,11,77000,Vlpo,65,Débora Rocha,2025-02-19
711,5,15,135000,Santiago,219,Blas Canals,2025-09-26
712,1,13,91000,Vlpo,191,Moisés Corbacho,2025-05-02
713,7,18,144000,Prt montt,93,Marita Gallego,2025-06-07
714,3,6,18000,Prt montt,230,Mohamed Solano,2025-11-27
715,5,3,27000,Valparaíso,23,Nazaret Lasa,2025-03-14
716,8,19,66500,Valparaíso,103,Mariana Font,2025-02-22
717,4,15,180000,valparaiso,126,Florencia Gilabert,2025-04-23
718,4,5,60000,rancagua,195,Beatriz Pineda,2025-05-17
719,2,10,50000,calma,128,Rosalina Artigas,2025-02-02
720,1,7,49000,calma,100,Pastor prado,2025-04-16
721,1,17,119000,Stgo,168,Íñigo Cuéllar,2025-12-28
722,8,7,24500,PMontt,52,Ana Lorena Solano,2025-09-30
723,6,12,48000,calma,79,Ana Belén Lloret,2025-06-14
724,4,17,204000,calama,241,Juanito Ayala,2025-11-26
725,1,13,91000,PMontt,72,José Ángel Cañas,2025-11-13
726,1,4,28000,Vlpo,276,walter Lloret,2025-08-06
727,1,10,70000,valparaiso,50,Alondra Acero,2025-03-13
728,3,3,9000,Valpo,285,Leandra Miralles,2025-11-20
729,7,9,72000,conce,73,Natanael Liyo,2025-06-28
730,8,13,45500,snatiago,206,Nayara Llamas,2025-06-06
731,3,18,54000,puerto mont,58,Juanito Juan,2025-05-07
732,5,15,135000,rancagua,241,Juanito Ayala,2025-01-07
733,7,4,32000,Rancagua,106,Nicolás Corbacho,2025-09-30
734,4,15,180000,Valpo,259,Klaudio Español,2025-12-13
735,8,2,7000,puerto mont,191,Moisés Corbacho,2025-08-01
736,1,15,105000,calama,126,Florencia Gilabert,2025-03-14
737,2,8,40000,Clama,93,Marita Gallego,2025-02-02
738,3,8,24000,Stgo,5,Lalo Sánches,2025-06-21
739,5,17,153000,Calama,121,Tito Martin,2025-04-01
740,1,12,84000,calma,282,Alfonso Español,2025-09-20
741,5,19,171000,Rancagua,219,Blas Canals,2025-05-15
742,6,10,40000,rcgua,214,Ana Sofía Serra,2025-04-20
743,3,9,27000,conce,108,Klaudio Guardiola,2025-06-17
744,4,5,60000,santiago,191,Moisés Corbacho,2025-03-03
745,4,6,72000,rancagua,94,Natanael Quintero,2025-12-07
746,8,2,7000,consepcion,242,Maximiliano Sánches,2025-11-30
747,7,13,104000,rancajua,131,Juan Francisco Osorio,2025-10-15
748,2,6,30000,calama,157,Alondra Aranda,2025-06-14
749,8,5,17500,valparaiso,129,María Luisa Abella,2025-02-11
750,8,1,3500,calma,289,Macarena Acuña,2025-03-11
751,5,6,54000,rancagua,152,Ana Sofía Pinedo,2025-01-24
752,2,6,30000,rancajua,141,Maria Cuervo,2025-01-08
753,5,16,144000,Calama,181,Lucila Céspedes,2025-12-30
754,5,4,36000,Vlpo,190,Domitila prado,2025-01-18
755,7,11,88000,conce,298,Juanito Garmendia,2025-02-28
756,3,9,27000,puerto mont,16,Judith Oliver,2025-11-11
757,5,3,27000,Rancagua,15,Ulises Quirós,2025-02-26
758,7,19,152000,puerto mont,74,Fulgencio Vilalta,2025-05-06
759,1,8,56000,Puerto Montt,91,Eusebio Ayala,2025-09-05
760,5,5,45000,Vlpo,118,Dorita Carmona,2025-03-08
761,2,4,20000,Clama,97,Cosme Ureña,2025-04-23
762,2,6,30000,PMontt,110,Frnanda Osuna,2025-04-06
763,2,2,10000,Valparaíso,121,Tito Martin,2025-06-17
764,8,11,38500,Concepción,266,Haroldo Cid,2025-10-16
765,2,4,20000,Rancagua,38,Marita Romero,2025-05-26
766,8,15,52500,Puerto Montt,103,Mariana Font,2025-10-09
767,4,6,72000,Valpo,70,Montserrat Collado,2025-08-14
768,5,17,153000,Santiago,16,Judith Oliver,2025-11-30
769,6,6,24000,valparaiso,246,Brunilda Canals,2025-04-10
770,6,19,76000,valparaiso,263,Alfonso Herranz,2025-03-26
771,2,2,10000,calma,91,Eusebio Ayala,2025-09-08
772,6,15,60000,calama,280,Hanns Galiano,2025-03-31
773,4,11,132000,rancajua,146,Leandra Sanz,2025-02-02
774,5,8,72000,Prt montt,36,Marciano Oliver,2025-07-20
775,1,19,133000,Prt montt,165,Teodosio Serra,2025-10-06
776,4,13,156000,conce,118,Dorita Carmona,2025-08-23
777,7,12,96000,Rancagua,1,Andrea Blanes,2025-01-05
778,6,5,20000,Calama,249,Isa Amat,2025-06-09
779,5,6,54000,valparaiso,249,Isa Amat,2025-06-22
780,8,4,14000,Vlpo,36,Marciano Oliver,2025-06-03
781,3,19,57000,snatiago,53,J pablo Montes,2025-11-09
782,7,1,8000,rcgua,248,Valeria Hoz,2025-08-01
783,3,17,51000,rancajua,58,Juanito Juan,2025-11-10
784,3,12,36000,santiago,120,Sosimo Falcón,2025-03-18
785,3,15,45000,snatiago,278,J pablo Andrés,2025-11-24
786,6,1,4000,Valpo,77,Beatriz Valderrama,2025-06-10
787,5,14,126000,valparaiso,197,Marsela Gnzález,2025-06-28
788,3,6,18000,snatiago,290,Roxana prado,2025-01-19
789,7,5,40000,snatiago,68,Lupe Ferrero,2025-02-22
790,4,11,132000,snatiago,92,Etelvina Galindo,2025-04-17
791,6,4,16000,Valpo,299,Manola Osorio,2025-09-03
792,4,13,156000,Calama,155,Hernando Campillo,2025-03-07
793,3,11,33000,snatiago,182,Daniel prado,2025-08-29
794,8,3,10500,consepcion,158,Odalis Corbacho,2025-01-01
795,8,1,3500,calma,246,Brunilda Canals,2025-09-03
796,1,6,42000,Vlpo,230,Mohamed Solano,2025-10-16
797,7,18,144000,Santiago,82,Luis Guerrero,2025-01-05
798,6,10,40000,Vlpo,244,Florencio Novoa,2025-10-27
799,3,5,15000,Valparaíso,225,Valeria Crespi,2025-08-14
800,7,10,80000,calama,55,Flavio Manzano,2025-08-28
800,7,12,96000,rancajua,182,Daniel prado,2025-12-08
802,3,2,6000,rcgua,181,Lucila Céspedes,2025-02-13
803,1,13,91000,Valparaíso,40,Venceslás Osuna,2025-09-06
804,8,8,28000,rancajua,181,Lucila Céspedes,2025-01-01
805,1,2,14000,rancajua,254,Florencio Sobrino,2025-01-30
806,1,1,7000,Puerto Montt,82,Luis Guerrero,2025-05-13
807,7,5,40000,snatiago,261,Arcelia Diaz,2025-12-03
808,3,9,27000,rancagua,121,Tito Martin,2025-06-29
809,4,17,204000,rancajua,171,Francisco Javier Vidal,2025-05-22
810,1,9,63000,puerto mont,74,Fulgencio Vilalta,2025-01-08
811,5,11,99000,Concepción,142,Sosimo Morales,2025-04-03
812,1,15,105000,snatiago,300,Ruperta Barco,2025-10-19
813,7,6,48000,Santiago,299,Manola Osorio,2025-08-09
814,3,3,9000,Vlpo,85,Leandra Martorell,2025-07-30
815,4,17,204000,snatiago,22,Sosimo Iniesta,2025-01-19
816,1,5,35000,Rancagua,73,Natanael Liyo,2025-01-29
817,7,12,96000,Santiago,223,Marciano Rodrigo,2025-07-16
818,7,18,144000,consepcion,163,Nayara prado,2025-03-08
819,6,14,56000,calama,275,Nerea Quiroga,2025-09-11
820,1,11,77000,calma,133,Ana Lorena Clavero,2025-08-16
821,4,9,108000,Puerto Montt,104,walter Laguna,2025-04-28
822,4,2,24000,santiago,29,Marsela Pinedo,2025-12-28
823,5,12,108000,Stgo,43,Remedios Báez,2025-10-13
824,3,3,9000,consepcion,78,Alfonso Arnal,2025-06-28
825,7,3,24000,puerto mont,36,Marciano Oliver,2025-10-03
826,2,1,5000,rancajua,217,Evelia Falcón,2025-07-17
827,7,8,64000,conce,254,Florencio Sobrino,2025-04-04
828,6,8,32000,Valpo,102,Amando Canals,2025-10-11
829,1,11,77000,Prt montt,22,Sosimo Iniesta,2025-09-14
830,4,9,108000,Puerto Montt,228,José Ángel Oliva,2025-06-13
831,2,5,25000,puerto mont,15,Ulises Quirós,2025-02-05
832,7,14,112000,rcgua,59,walter Cueto,2025-05-15
833,3,3,9000,rancajua,241,Juanito Ayala,2025-08-23
834,3,5,15000,Valpo,243,Elisa Cid,2025-11-20
835,6,5,20000,Prt montt,272,Hilario Sabater,2025-03-14
836,3,19,57000,Santiago,225,Valeria Crespi,2025-04-15
837,4,14,168000,Valpo,101,Valeria Sanz,2025-07-21
838,8,4,14000,santiago,106,Nicolás Corbacho,2025-12-30
839,4,13,156000,consepcion,255,María Luisa Carlos,2025-02-22
840,3,10,30000,santiago,175,Marina Álamo,2025-08-29
841,6,18,72000,Puerto Montt,256,María Ángeles Sánches,2025-08-20
842,2,8,40000,Concepción,125,Elvira Vaquero,2025-10-19
843,5,8,72000,Concepción,173,Matías Laguna,2025-01-20
844,8,7,24500,PMontt,258,Lupe Leal,2025-03-19
845,2,8,40000,snatiago,87,Primitiva Quiroga,2025-12-10
846,5,14,126000,rancajua,190,Domitila prado,2025-10-20
847,3,19,57000,Prt montt,73,Natanael Liyo,2025-12-22
848,2,6,30000,consepcion,90,J pablo Landa,2025-10-26
849,7,1,8000,santiago,292,Jimena prado,2025-12-26
850,6,15,60000,rancagua,96,Eusebio Amigó,2025-12-28
851,7,1,8000,rcgua,11,Pelayo Franch,2025-03-02
852,6,17,68000,Calama,24,Ximena Sánches,2025-04-12
853,1,1,7000,Clama,137,Mirta Pardo,2025-01-26
854,6,15,60000,snatiago,268,Mateo Gallego,2025-08-10
855,1,2,14000,Valparaíso,32,Débora Báez,2025-09-02
856,6,14,56000,Santiago,213,Victor Manuel Taboada,2025-06-28
857,1,8,56000,Vlpo,54,Aránzazu Ferrero,2025-01-11
858,4,8,96000,conce,86,Anunciación Gnzález,2025-07-29
859,3,19,57000,Concepción,74,Fulgencio Vilalta,2025-11-16
860,2,7,35000,rancagua,40,Venceslás Osuna,2025-12-20
861,1,19,133000,snatiago,138,Carlos Salinas,2025-02-26
862,3,6,18000,consepcion,63,Juan Manuel Calvet,2025-07-12
863,6,6,24000,snatiago,87,Primitiva Quiroga,2025-01-23
864,6,3,12000,santiago,6,Javi Pasheco,2025-03-16
865,8,7,24500,Valpo,109,Silvia Neira,2025-12-10
866,6,19,76000,PMontt,42,Florencio Arana,2025-06-29
867,3,8,24000,Puerto Montt,242,Maximiliano Sánches,2025-09-04
867,8,10,35000,Rancagua,254,Florencio Sobrino,2025-12-07
869,7,15,120000,conce,141,Maria Cuervo,2025-09-03
870,7,15,120000,Prt montt,101,Valeria Sanz,2025-01-01
871,6,1,4000,Rancagua,231,Federico Ródenas,2025-02-25
872,2,7,35000,Vlpo,185,Carmela Isern,2025-01-10
873,2,4,20000,valparaiso,225,Valeria Crespi,2025-08-21
874,7,6,48000,Valparaíso,94,Natanael Quintero,2025-05-27
875,3,1,3000,Calama,273,Ana Belén Sánches,2025-09-18
876,5,5,45000,Valparaíso,186,Victor Manuel Barco,2025-10-28
877,4,1,12000,calama,299,Manola Osorio,2025-11-11
878,1,4,28000,Rancagua,69,Federico Llabrés,2025-03-31
879,3,2,6000,valparaiso,28,Leopoldo Garmendia,2025-01-27
879,3,10,30000,calama,234,Fátima fernandez,2025-12-06
881,3,5,15000,rancagua,182,Daniel prado,2025-12-05
882,3,10,30000,rancajua,80,Griselda Lasa,2025-10-27
883,5,1,9000,valparaiso,139,J pablo Collado,2025-04-04
884,1,6,42000,Puerto Montt,215,Valentina Porta,2025-01-12
885,1,13,91000,Valparaíso,79,Ana Belén Lloret,2025-07-27
886,4,15,180000,Valpo,240,Frnanda Navas,2025-05-15
887,2,4,20000,calma,282,Alfonso Español,2025-10-28
888,5,13,117000,Concepción,98,Odalis Oliver,2025-04-26
889,4,15,180000,Santiago,149,Victor Manuel Luque,2025-11-15
890,8,8,28000,Calama,32,Débora Báez,2025-02-03
891,4,5,60000,rancagua,192,Carlos Osorio,2025-03-08
892,8,15,52500,Santiago,235,Ana Belén Clavero,2025-10-05
893,3,4,12000,Concepción,93,Marita Gallego,2025-09-30
894,4,12,144000,Valparaíso,217,Evelia Falcón,2025-07-12
895,8,13,45500,rcgua,158,Odalis Corbacho,2025-08-06
896,6,2,8000,Prt montt,213,Victor Manuel Taboada,2025-09-30
897,8,19,66500,snatiago,189,Amanda Toro,2025-08-28
898,2,19,95000,calma,283,Klaudio Royo,2025-05-21
899,1,4,28000,santiago,197,Marsela Gnzález,2025-05-07
900,6,4,16000,Valpo,262,Encarnita Liyo,2025-09-27
901,3,11,33000,Calama,252,Gala Machado,2025-08-08
902,7,5,40000,santiago,80,Griselda Lasa,2025-03-14
903,4,11,132000,Calama,1,Andrea Blanes,2025-04-29
904,4,10,120000,calama,267,Aurora Vidal,2025-06-29
905,3,8,24000,PMontt,291,Perlita Fiol,2025-04-24
906,8,6,21000,Vlpo,81,Cebrián Miró,2025-07-10
907,5,6,54000,Valparaíso,168,Íñigo Cuéllar,2025-09-03
908,2,8,40000,Rancagua,265,Andrea Gabaldón,2025-01-27
909,7,15,120000,snatiago,115,Nicolasa Osuna,2025-07-13
910,4,14,168000,rcgua,104,walter Laguna,2025-09-17
911,7,11,88000,valparaiso,80,Griselda Lasa,2025-01-13
912,5,12,108000,consepcion,59,walter Cueto,2025-09-04
913,3,13,39000,santiago,19,Maria Tirado,2025-02-05
914,6,8,32000,Concepción,164,walter Liyo,2025-02-25
915,8,18,63000,consepcion,140,Alonso Lasa,2025-01-10
916,3,1,3000,PMontt,12,Juanito Armengol,2025-12-25
917,5,15,135000,calama,37,Bautista Liyo,2025-08-01
918,7,8,64000,Puerto Montt,286,Plinio Liyo,2025-04-07
919,8,11,38500,Puerto Montt,56,Frnanda Coloma,2025-07-31
920,1,12,84000,PMontt,272,Hilario Sabater,2025-05-28
921,8,12,42000,calama,269,Paz Ros,2025-09-23
922,1,4,28000,calama,2,Montserrat Palmer,2025-04-02
923,7,16,128000,calama,5,Lalo Sánches,2025-04-14
924,5,4,36000,rancajua,225,Valeria Crespi,2025-08-27
925,6,5,20000,PMontt,58,Juanito Juan,2025-10-30
926,1,5,35000,Puerto Montt,95,Emiliana Mayol,2025-10-16
927,8,8,28000,rcgua,189,Amanda Toro,2025-06-29
928,1,10,70000,Concepción,292,Jimena prado,2025-03-22
928,8,17,59500,valparaiso,182,Daniel prado,2025-03-28
929,2,9,45000,Prt montt,83,Ana Lorena Laguna,2025-07-16
931,2,19,95000,valparaiso,20,Hanns Ramón,2025-08-02
932,3,14,42000,calama,292,Jimena prado,2025-06-07
933,3,8,24000,Valpo,255,María Luisa Carlos,2025-09-29
934,3,9,27000,Valpo,187,Custodio Leiva,2025-08-16
935,6,11,44000,valparaiso,183,Lucio Tirado,2025-05-17
936,3,1,3000,rancagua,168,Íñigo Cuéllar,2025-05-03
937,6,14,56000,Calama,98,Odalis Oliver,2025-10-03
938,2,5,25000,Vlpo,259,Klaudio Español,2025-09-04
939,7,14,112000,Valparaíso,260,Leopoldo Costa,2025-03-10
940,1,4,28000,Puerto Montt,38,Marita Romero,2025-03-20
941,3,1,3000,Clama,104,walter Laguna,2025-09-19
941,4,19,228000,calama,65,Débora Rocha,2025-02-22
943,7,8,64000,Valparaíso,128,Rosalina Artigas,2025-11-09
944,4,15,180000,consepcion,39,Elvira Rivera,2025-04-03
944,5,15,135000,Puerto Montt,49,Curro Rodrigo,2025-11-09
946,3,9,27000,calma,202,María Ángeles Franch,2025-10-30
947,6,9,36000,Valpo,70,Montserrat Collado,2025-08-08
948,3,10,30000,conce,90,J pablo Landa,2025-01-30
949,3,9,27000,Rancagua,8,Maria Borrell,2025-02-25
950,2,3,15000,conce,280,Hanns Galiano,2025-02-14
951,7,11,88000,Rancagua,77,Beatriz Valderrama,2025-02-19
952,3,6,18000,puerto mont,128,Rosalina Artigas,2025-08-06
953,4,2,24000,Santiago,29,Marsela Pinedo,2025-02-13
954,3,7,21000,puerto mont,278,J pablo Andrés,2025-10-19
955,4,18,216000,Calama,254,Florencio Sobrino,2025-09-10
956,2,2,10000,Prt montt,105,María José Arana,2025-06-06
957,6,17,68000,Calama,105,María José Arana,2025-01-16
958,8,11,38500,Stgo,199,Aura Miró,2025-07-12
959,6,12,48000,rancagua,79,Ana Belén Lloret,2025-08-28
960,5,19,171000,Clama,205,Carmelita Roda,2025-10-20
961,3,7,21000,consepcion,255,María Luisa Carlos,2025-08-30
962,4,6,72000,conce,11,Pelayo Franch,2025-06-23
962,2,1,5000,PMontt,143,Carmelita Barroso,2025-12-17
964,3,17,51000,puerto mont,184,Vasco Acevedo,2025-07-04
965,2,11,55000,Prt montt,29,Marsela Pinedo,2025-09-13
966,2,18,90000,PMontt,296,J pablo Luque,2025-03-15
967,6,17,68000,rcgua,99,Feliciana Soriano,2025-11-11
968,1,7,49000,Calama,275,Nerea Quiroga,2025-07-24
969,3,17,51000,Concepción,121,Tito Martin,2025-12-25
970,7,9,72000,valparaiso,178,Federico Torrents,2025-11-14
971,2,17,85000,rcgua,103,Mariana Font,2025-12-13
972,5,8,72000,Concepción,110,Frnanda Osuna,2025-04-13
973,4,17,204000,Prt montt,132,Juan Francisco Aznar,2025-04-03
974,1,7,49000,consepcion,224,Violeta Vives,2025-09-29
975,2,1,5000,rancajua,91,Eusebio Ayala,2025-09-25
976,3,13,39000,Valpo,234,Fátima fernandez,2025-10-04
977,8,19,66500,Puerto Montt,134,Consuelo Garcés,2025-01-24
978,1,19,133000,conce,18,J pablo Villalba,2025-06-08
979,5,17,153000,Valparaíso,246,Brunilda Canals,2025-05-03
980,8,13,45500,rancajua,282,Alfonso Español,2025-01-21
981,3,16,48000,Rancagua,203,Moisés Peiró,2025-07-25
982,1,8,56000,rcgua,192,Carlos Osorio,2025-08-18
983,7,19,152000,Concepción,117,J pablo Novoa,2025-12-08
984,8,18,63000,santiago,151,Eusebio Escribano,2025-11-17
985,1,1,7000,snatiago,15,Ulises Quirós,2025-11-24
986,7,14,112000,Valpo,145,Estela Peralta,2025-07-23
987,5,19,171000,rancajua,109,Silvia Neira,2025-10-07
988,7,15,120000,santiago,258,Lupe Leal,2025-10-05
989,1,18,126000,consepcion,202,María Ángeles Franch,2025-01-08
990,4,2,24000,Santiago,229,Aránzazu Alfonso,2025-06-17
991,5,17,153000,Clama,51,Valentina Blasco,2025-06-08
992,4,18,216000,Santiago,267,Aurora Vidal,2025-09-03
993,3,6,18000,calama,290,Roxana prado,2025-10-11
994,5,19,171000,rancagua,283,Klaudio Royo,2025-11-04
995,7,4,32000,santiago,171,Francisco Javier Vidal,2025-11-05
996,5,1,9000,Valpo,95,Emiliana Mayol,2025-12-05
997,8,8,28000,calama,169,Macarena Blanes,2025-07-06
998,7,7,56000,rcgua,23,Nazaret Lasa,2025-09-13
999,3,3,9000,snatiago,39,Elvira Rivera,2025-08-10
1000,7,10,80000,consepcion,296,J pablo Luque,2025-12-13
522,3,12,36000,Stgo,296,J pablo Luque,2025-09-29
738,3,8,24000,Stgo,5,Lalo Sánches,2025-06-21
741,5,19,171000,Rancagua,219,Blas Canals,2025-05-15
661,3,15,45000,rcgua,228,José Ángel Oliva,2025-11-23
412,6,8,32000,Vlpo,167,Domitila Riba,2025-12-19
679,4,5,60000,rancajua,159,Ciríaco Casas,2025-01-11
627,5,11,99000,Calama,226,Teo Quero,2025-12-10
514,7,7,56000,Puerto Montt,7,Gerónimo Calatayud,2025-02-25
860,2,7,35000,rancagua,40,Venceslás Osuna,2025-12-20
137,8,7,24500,Rancagua,24,Ximena Sánches,2025-06-21
812,1,15,105000,snatiago,300,Ruperta Barco,2025-10-19
77,7,12,96000,puerto mont,158,Odalis Corbacho,2025-08-19
637,7,19,152000,Calama,67,Marsela Borja,2025-09-29
974,1,7,49000,consepcion,224,Violeta Vives,2025-09-29
939,7,14,112000,Valparaíso,260,Leopoldo Costa,2025-03-10
900,6,4,16000,Valpo,262,Encarnita Liyo,2025-09-27
281,1,3,21000,calama,96,Eusebio Amigó,2025-10-19
884,1,6,42000,Puerto Montt,215,Valentina Porta,2025-01-12
762,2,6,30000,PMontt,110,Frnanda Osuna,2025-04-06
320,2,15,75000,conce,193,walter Soriano,2025-10-07
550,6,8,32000,Calama,75,Nayara Padilla,2025-09-17
175,5,11,99000,puerto mont,91,Eusebio Ayala,2025-05-27
372,3,1,3000,Rancagua,185,Carmela Isern,2025-08-05
528,5,5,45000,consepcion,96,Eusebio Amigó,2025-10-23
211,6,16,64000,puerto mont,193,walter Soriano,2025-07-20
236,8,3,10500,Puerto Montt,40,Venceslás Osuna,2025-02-24
102,4,1,12000,Puerto Montt,208,Marsela Liyo,2025-04-04
987,5,19,171000,rancajua,109,Silvia Neira,2025-10-07
903,4,11,132000,Calama,1,Andrea Blanes,2025-04-29
948,3,10,30000,conce,90,J pablo Landa,2025-01-30
347,5,15,135000,conce,6,Javi Pasheco,2025-07-19
140,4,13,156000,snatiago,146,Leandra Sanz,2025-03-29
622,1,15,105000,Santiago,151,Eusebio Escribano,2025-04-10
500,1,4,28000,Rancagua,137,Mirta Pardo,2025-11-22
371,3,4,12000,Prt montt,140,Alonso Lasa,2025-10-12
199,1,8,56000,calma,232,María Teresa Quirós,2025-11-16
688,7,15,120000,Concepción,203,Moisés Peiró,2025-08-26
585,5,1,9000,Clama,240,Frnanda Navas,2025-02-18
902,7,5,40000,santiago,80,Griselda Lasa,2025-03-14
60,7,16,128000,rancagua,10,Arcelia Iriarte,2025-07-30
329,8,4,14000,Calama,226,Teo Quero,2025-03-30
97,3,5,15000,calama,145,Estela Peralta,2025-03-15
313,8,15,52500,puerto mont,24,Ximena Sánches,2025-02-24
975,2,1,5000,rancajua,91,Eusebio Ayala,2025-09-25
299,5,3,27000,calama,246,Brunilda Canals,2025-09-07
277,3,3,9000,consepcion,43,Remedios Báez,2025-12-11
925,6,5,20000,PMontt,58,Juanito Juan,2025-10-30
602,4,1,12000,Prt montt,224,Violeta Vives,2025-02-24
440,2,9,45000,Concepción,241,Juanito Ayala,2025-02-03
838,8,4,14000,santiago,106,Nicolás Corbacho,2025-12-30
571,1,13,91000,PMontt,183,Lucio Tirado,2025-09-19
879,3,10,30000,calama,234,Fátima fernandez,2025-12-06
262,7,1,8000,santiago,51,Valentina Blasco,2025-09-29
579,2,17,85000,rancajua,104,walter Laguna,2025-07-27
24,3,19,57000,Stgo,135,Ana Lorena Gnzález,2025-07-23
31,8,7,24500,Valpo,265,Andrea Gabaldón,2025-07-07
618,8,12,42000,calama,225,Valeria Crespi,2025-07-12
11,7,3,24000,rancagua,199,Aura Miró,2025-07-01
222,7,1,8000,valparaiso,53,J pablo Montes,2025-04-05
821,4,9,108000,Puerto Montt,104,walter Laguna,2025-04-28
297,5,16,144000,Santiago,79,Ana Belén Lloret,2025-09-16
55,8,12,42000,Concepción,240,Frnanda Navas,2025-06-18
543,6,10,40000,puerto mont,38,Marita Romero,2025-01-31
210,2,1,5000,puerto mont,211,Loida Iniesta,2025-11-05
605,7,13,104000,Calama,272,Hilario Sabater,2025-06-10
693,2,4,20000,Valpo,4,Nicolás prado,2025-03-29
663,2,11,55000,Valparaíso,159,Ciríaco Casas,2025-03-21
867,3,8,24000,Puerto Montt,242,Maximiliano Sánches,2025-09-04
71,3,15,45000,Clama,216,Nazaret Garcés,2025-10-05
544,8,16,56000,PMontt,92,Etelvina Galindo,2025-04-20
108,8,1,3500,conce,75,Nayara Padilla,2025-12-07
494,7,13,104000,calma,17,Dulce Abril,2025-05-14
591,3,6,18000,Puerto Montt,29,Marsela Pinedo,2025-03-23
742,6,10,40000,rcgua,214,Ana Sofía Serra,2025-04-20
293,5,8,72000,snatiago,207,Brunilda Asensio,2025-11-03
290,5,10,90000,calama,163,Nayara prado,2025-10-28
652,3,6,18000,Clama,64,Klaudio Huerta,2025-05-03
40,6,12,48000,valparaiso,286,Plinio Liyo,2025-07-27
590,7,5,40000,Rancagua,294,Paco Blazquez,2025-12-09
308,7,14,112000,Vlpo,214,Ana Sofía Serra,2025-11-10
680,4,9,108000,Rancagua,53,J pablo Montes,2025-08-26
67,6,18,72000,puerto mont,278,J pablo Andrés,2025-11-22
276,2,17,85000,calama,11,Pelayo Franch,2025-12-25
68,1,15,105000,Santiago,68,Lupe Ferrero,2025-01-19
319,5,6,54000,Santiago,271,Irene Granados,2025-04-10
549,3,4,12000,Rancagua,12,Juanito Armengol,2025-07-22
999,3,3,9000,snatiago,39,Elvira Rivera,2025-08-10
715,5,3,27000,Valparaíso,23,Nazaret Lasa,2025-03-14
754,5,4,36000,Vlpo,190,Domitila prado,2025-01-18
328,5,7,63000,Valparaíso,264,Leandra Martin,2025-07-11
383,3,4,12000,calma,276,walter Lloret,2025-09-08
452,5,9,81000,snatiago,106,Nicolás Corbacho,2025-03-25
523,6,13,52000,Valparaíso,135,Ana Lorena Gnzález,2025-01-27
219,5,16,144000,Santiago,45,Carmelita Borja,2025-06-02
788,3,6,18000,snatiago,290,Roxana prado,2025-01-19
437,5,17,153000,rancagua,249,Isa Amat,2025-12-25
765,2,4,20000,Rancagua,38,Marita Romero,2025-05-26
89,1,9,63000,Rancagua,220,Brunilda prado,2025-04-26
64,5,8,72000,rcgua,296,J pablo Luque,2025-11-10
827,7,8,64000,conce,254,Florencio Sobrino,2025-04-04
